RHEA_ID	DIRECTION	MASTER_ID	ID
10041	LR	10040	R-HSA-176606.3
10041	LR	10040	R-HSA-8953499.3
10113	LR	10112	R-HSA-1614524.4
10117	LR	10116	R-HSA-71299.4
10133	LR	10132	R-HSA-159443.3
10165	LR	10164	R-HSA-71660.4
10166	RL	10164	R-HSA-70494.4
10189	LR	10188	R-HSA-191323.4
10189	LR	10188	R-HSA-73918.4
10225	LR	10224	R-HSA-964970.2
10245	LR	10244	R-HSA-71181.6
10249	LR	10248	R-HSA-73666.5
10272	UN	10272	R-HSA-426240.2
10277	LR	10276	R-HSA-1855182.3
10293	LR	10292	R-HSA-449734.3
10301	LR	10300	R-HSA-70449.4
10302	RL	10300	R-HSA-70482.5
10332	UN	10332	R-HSA-1482533.2
10337	LR	10336	R-HSA-5690911.3
10337	LR	10336	R-HSA-70971.5
10349	LR	10348	R-HSA-1247935.3
10376	UN	10376	R-HSA-936802.2
10376	UN	10376	R-HSA-936895.2
10382	RL	10380	R-HSA-73567.5
10389	LR	10388	R-HSA-372819.3
10389	LR	10388	R-HSA-70241.5
10401	LR	10400	R-HSA-893616.4
10410	RL	10408	R-HSA-390224.4
10413	LR	10412	R-HSA-2393939.5
10413	LR	10412	R-HSA-2393954.4
10413	LR	10412	R-HSA-5696049.2
10429	LR	10428	R-HSA-2161964.4
10601	LR	10600	R-HSA-2161620.4
10601	LR	10600	R-HSA-2161701.5
10657	LR	10656	R-HSA-71286.3
10717	LR	10716	R-HSA-1855178.3
10749	LR	10748	R-HSA-1237059.4
10749	LR	10748	R-HSA-1237081.2
10749	LR	10748	R-HSA-1475017.2
10749	LR	10748	R-HSA-1475022.2
10749	LR	10748	R-HSA-1475028.2
10749	LR	10748	R-HSA-1475436.3
10750	RL	10748	R-HSA-1237045.2
10750	RL	10748	R-HSA-1237047.4
10750	RL	10748	R-HSA-1475025.3
10750	RL	10748	R-HSA-1475026.4
10750	RL	10748	R-HSA-1475032.3
10750	RL	10748	R-HSA-1475435.3
10794	RL	10792	R-HSA-73806.4
10933	LR	10932	R-HSA-70577.5
10945	LR	10944	R-HSA-6788295.2
10965	LR	10964	R-HSA-5662466.3
10981	LR	10980	R-HSA-9014766.4
10994	RL	10992	R-HSA-389826.3
11021	LR	11020	R-HSA-1855153.3
11021	LR	11020	R-HSA-1855233.3
11029	LR	11028	R-HSA-9909159.1
11081	LR	11080	R-HSA-109380.6
11081	LR	11080	R-HSA-109449.5
11085	LR	11084	R-HSA-5662473.3
11094	RL	11092	R-HSA-75889.3
11142	RL	11140	R-HSA-446201.3
11149	LR	11148	R-HSA-1562603.2
11149	LR	11148	R-HSA-1562604.2
11149	LR	11148	R-HSA-917891.3
11149	LR	11148	R-HSA-917933.3
11185	LR	11184	R-HSA-73591.5
11241	LR	11240	R-HSA-997381.2
11261	LR	11260	R-HSA-5693681.2
11261	LR	11260	R-HSA-8865107.2
11261	LR	11260	R-HSA-9698758.2
11309	LR	11308	R-HSA-200555.6
11309	LR	11308	R-HSA-75851.6
11309	LR	11308	R-HSA-8876889.5
11393	LR	11392	R-HSA-1855213.3
11393	LR	11392	R-HSA-1855218.3
11533	LR	11532	R-HSA-389821.2
11577	LR	11576	R-HSA-196761.2
11580	UN	11580	R-HSA-1482976.2
11597	LR	11596	R-HSA-73564.5
11601	LR	11600	R-HSA-6788810.2
11660	UN	11660	R-HSA-162857.4
11681	LR	11680	R-HSA-73792.5
11685	LR	11684	R-HSA-5696213.2
11685	LR	11684	R-HSA-6800149.2
11709	LR	11708	R-HSA-73794.6
11742	RL	11740	R-HSA-3323079.2
11742	RL	11740	R-HSA-71682.4
11745	LR	11744	R-HSA-965067.2
11753	LR	11752	R-HSA-9749609.2
11753	LR	11752	R-HSA-9749647.2
11753	LR	11752	R-HSA-9749792.2
11853	LR	11852	R-HSA-1237160.2
11857	LR	11856	R-HSA-1855185.3
11877	LR	11876	R-HSA-2161662.3
11896	UN	11896	R-HSA-192097.2
11914	RL	11912	R-HSA-2161692.3
11924	UN	11924	R-HSA-9846477.1
11993	LR	11992	R-HSA-6783880.3
12045	LR	12044	R-HSA-5694109.3
12088	UN	12088	R-HSA-1638104.3
12229	LR	12228	R-HSA-70599.5
12273	LR	12272	R-HSA-209924.2
12280	UN	12280	R-HSA-1675776.5
12281	LR	12280	R-HSA-6811522.3
12309	LR	12308	R-HSA-70941.5
12316	UN	12316	R-HSA-1675795.4
12316	UN	12316	R-HSA-1675994.3
12316	UN	12316	R-HSA-1676114.2
12316	UN	12316	R-HSA-1676141.4
12316	UN	12316	R-HSA-6809325.2
12316	UN	12316	R-HSA-6809720.2
12316	UN	12316	R-HSA-6809975.2
12358	RL	12356	R-HSA-532549.3
12453	LR	12452	R-HSA-1855162.3
12453	LR	12452	R-HSA-994137.4
12462	RL	12460	R-HSA-70982.5
12513	LR	12512	R-HSA-6810076.3
12526	RL	12524	R-HSA-5693347.3
12557	LR	12556	R-HSA-71296.5
12593	UN	12593	R-HSA-1482939.2
12602	LR	12601	R-HSA-70952.5
12603	RL	12601	R-HSA-508561.5
12642	LR	12641	R-HSA-977348.4
12654	LR	12653	R-HSA-9012268.5
12661	UN	12661	R-HSA-200406.9
12661	UN	12661	R-HSA-9911362.1
12663	RL	12661	R-HSA-200410.5
12698	LR	12697	R-HSA-73788.6
12699	RL	12697	R-HSA-110133.6
12709	UN	12709	R-HSA-1675939.2
12709	UN	12709	R-HSA-1675961.2
12709	UN	12709	R-HSA-1676024.2
12710	LR	12709	R-HSA-6798174.3
12718	LR	12717	R-HSA-1855228.3
12722	LR	12721	R-HSA-351215.2
12735	RL	12733	R-HSA-197268.4
12794	LR	12793	R-HSA-1855207.3
12794	LR	12793	R-HSA-1855227.3
12890	LR	12889	R-HSA-5661290.3
12894	LR	12893	R-HSA-2161660.5
12894	LR	12893	R-HSA-265295.4
12922	LR	12921	R-HSA-189442.5
12937	UN	12937	R-HSA-1482547.2
12974	LR	12973	R-HSA-110145.5
12974	LR	12973	R-HSA-6788798.2
12974	LR	12973	R-HSA-6788810.2
12975	RL	12973	R-HSA-110144.5
13070	LR	13069	R-HSA-1483222.2
13103	RL	13101	R-HSA-70903.5
13162	LR	13161	R-HSA-6798667.3
13186	LR	13185	R-HSA-189406.4
13202	LR	13201	R-HSA-71275.3
13218	LR	13217	R-HSA-888548.4
13238	LR	13237	R-HSA-449715.3
13254	LR	13253	R-HSA-1855172.3
13254	LR	13253	R-HSA-994140.4
13282	LR	13281	R-HSA-70837.7
13283	RL	13281	R-HSA-508369.7
13286	LR	13285	R-HSA-174367.4
13434	LR	13433	R-HSA-73608.5
13446	LR	13445	R-HSA-8938300.3
13510	LR	13509	R-HSA-446204.2
13558	LR	13557	R-HSA-174394.5
13590	LR	13589	R-HSA-70773.8
13591	RL	13589	R-HSA-508308.7
13609	UN	13609	R-HSA-1675910.2
13609	UN	13609	R-HSA-1675921.2
13609	UN	13609	R-HSA-1676134.2
13609	UN	13609	R-HSA-1676168.2
13666	LR	13665	R-HSA-392152.5
13666	LR	13665	R-HSA-74885.3
13678	LR	13677	R-HSA-71303.5
13679	RL	13677	R-HSA-199803.4
13698	LR	13697	R-HSA-8955844.3
13890	LR	13889	R-HSA-196955.4
13905	UN	13905	R-HSA-9846501.1
13930	LR	13929	R-HSA-350604.2
13933	UN	13933	R-HSA-975593.3
13933	UN	13933	R-HSA-975594.2
13934	LR	13933	R-HSA-8848355.4
13942	LR	13941	R-HSA-70349.7
13978	LR	13977	R-HSA-9014741.4
13990	LR	13989	R-HSA-70361.4
14006	LR	14005	R-HSA-1614583.4
14014	LR	14013	R-HSA-176604.3
14018	LR	14017	R-HSA-8869627.4
14018	LR	14017	R-HSA-8869633.4
14079	RL	14077	R-HSA-909776.2
14107	RL	14105	R-HSA-70664.6
14111	RL	14109	R-HSA-6783939.4
14111	RL	14109	R-HSA-6783955.5
14166	LR	14165	R-HSA-8954468.3
14182	LR	14181	R-HSA-71241.7
14206	LR	14205	R-HSA-8876789.3
14331	RL	14329	R-HSA-977333.3
14358	LR	14357	R-HSA-196964.4
14410	LR	14409	R-HSA-6814153.2
14425	UN	14425	R-HSA-1676082.3
14425	UN	14425	R-HSA-3772436.2
14425	UN	14425	R-HSA-8868066.3
14470	LR	14469	R-HSA-71239.3
14502	LR	14501	R-HSA-1614631.3
14506	LR	14505	R-HSA-1655879.4
14542	LR	14541	R-HSA-193385.2
14621	UN	14621	R-HSA-191366.2
14666	LR	14665	R-HSA-74255.7
14730	LR	14729	R-HSA-71496.5
14731	RL	14729	R-HSA-71495.5
14778	LR	14777	R-HSA-76590.6
14802	LR	14801	R-HSA-70486.6
14803	RL	14801	R-HSA-71850.6
14818	LR	14817	R-HSA-71173.6
14838	LR	14837	R-HSA-389862.4
14907	RL	14905	R-HSA-73815.6
14962	LR	14961	R-HSA-5693724.2
14983	RL	14981	R-HSA-193064.4
15011	RL	15009	R-HSA-197972.3
15018	LR	15017	R-HSA-8878787.2
15094	LR	15093	R-HSA-71155.4
15095	RL	15093	R-HSA-517444.4
15099	RL	15097	R-HSA-70920.5
15150	LR	15149	R-HSA-965019.2
15230	LR	15229	R-HSA-446221.3
15283	RL	15281	R-HSA-6807052.3
15306	LR	15305	R-HSA-6797955.2
15325	UN	15325	R-HSA-1482695.3
15326	LR	15325	R-HSA-549112.3
15382	LR	15381	R-HSA-8953398.2
15390	LR	15389	R-HSA-111930.6
15390	LR	15389	R-HSA-164377.4
15390	LR	15389	R-HSA-170676.2
15390	LR	15389	R-HSA-381607.2
15390	LR	15389	R-HSA-392129.6
15390	LR	15389	R-HSA-442715.3
15390	LR	15389	R-HSA-5211224.7
15390	LR	15389	R-HSA-5610727.3
15450	LR	15449	R-HSA-71164.6
15550	LR	15549	R-HSA-1237140.2
15554	LR	15553	R-HSA-1855208.3
15574	LR	15573	R-HSA-209821.2
15610	LR	15609	R-HSA-73580.4
15642	LR	15641	R-HSA-9012016.4
15642	LR	15641	R-HSA-9861660.2
15754	LR	15753	R-HSA-111524.6
15795	RL	15793	R-HSA-189384.6
15801	UN	15801	R-HSA-8848484.2
15818	LR	15817	R-HSA-965079.2
15890	LR	15889	R-HSA-70609.5
15902	LR	15901	R-HSA-71445.5
15903	RL	15901	R-HSA-71654.5
15970	LR	15969	R-HSA-5696230.2
15974	LR	15973	R-HSA-176664.3
15982	LR	15981	R-HSA-351222.2
15991	RL	15989	R-HSA-191352.3
16002	LR	16001	R-HSA-2161187.4
16062	LR	16061	R-HSA-1483116.3
16062	LR	16061	R-HSA-6814132.2
16066	LR	16065	R-HSA-389639.4
16070	LR	16069	R-HSA-73608.5
16090	LR	16089	R-HSA-1483096.3
16118	LR	16117	R-HSA-5694494.2
16122	LR	16121	R-HSA-73589.4
16170	LR	16169	R-HSA-70606.5
16190	LR	16189	R-HSA-71163.6
16302	LR	16301	R-HSA-8870346.3
16302	LR	16301	R-HSA-8938076.2
16302	LR	16301	R-HSA-9637699.2
16342	LR	16341	R-HSA-191422.3
16374	LR	16373	R-HSA-196857.4
16374	LR	16373	R-HSA-199203.4
16502	LR	16501	R-HSA-6813740.2
16558	LR	16557	R-HSA-71223.3
16611	RL	16609	R-HSA-74213.4
16646	LR	16645	R-HSA-5690046.3
16670	LR	16669	R-HSA-9727349.2
16794	LR	16793	R-HSA-196840.4
16826	LR	16825	R-HSA-109903.4
16826	LR	16825	R-HSA-73599.4
16826	LR	16825	R-HSA-8954327.2
16834	LR	16833	R-HSA-3323013.3
16834	LR	16833	R-HSA-3341277.3
16834	LR	16833	R-HSA-3341397.3
16834	LR	16833	R-HSA-3343700.3
16834	LR	16833	R-HSA-71676.4
16846	LR	16845	R-HSA-70975.4
16854	LR	16853	R-HSA-73828.3
16867	RL	16865	R-HSA-192341.2
16870	LR	16869	R-HSA-2162002.4
16878	LR	16877	R-HSA-1655443.4
16878	LR	16877	R-HSA-6787757.4
16878	LR	16877	R-HSA-6814165.3
16882	LR	16881	R-HSA-9013198.2
16894	LR	16893	R-HSA-175987.4
16958	LR	16957	R-HSA-4086392.3
16958	LR	16957	R-HSA-418456.2
16958	LR	16957	R-HSA-74059.2
16990	LR	16989	R-HSA-1855225.3
17027	RL	17025	R-HSA-5661240.3
17066	LR	17065	R-HSA-191380.2
17130	LR	17129	R-HSA-73812.4
17138	LR	17137	R-HSA-76500.3
17158	LR	17157	R-HSA-200318.3
17158	LR	17157	R-HSA-200326.3
17187	RL	17185	R-HSA-514604.5
17238	LR	17237	R-HSA-196929.4
17306	LR	17305	R-HSA-5693373.4
17365	UN	17365	R-HSA-5692462.2
17434	LR	17433	R-HSA-6797961.3
17442	LR	17441	R-HSA-9012597.2
17454	LR	17453	R-HSA-73814.4
17474	LR	17473	R-HSA-1474146.4
17486	LR	17485	R-HSA-265296.3
17562	LR	17561	R-HSA-372519.6
17619	RL	17617	R-HSA-266050.3
17642	LR	17641	R-HSA-350598.2
17663	RL	17661	R-HSA-70997.6
17729	UN	17729	R-HSA-8876696.2
17786	LR	17785	R-HSA-888572.3
17786	LR	17785	R-HSA-888577.3
17873	UN	17873	R-HSA-3095901.4
17873	UN	17873	R-HSA-5223313.5
17873	UN	17873	R-HSA-9759206.2
17890	LR	17889	R-HSA-5696415.3
17962	LR	17961	R-HSA-266051.4
17975	RL	17973	R-HSA-74215.6
17986	LR	17985	R-HSA-71260.7
18030	LR	18029	R-HSA-70555.5
18095	RL	18093	R-HSA-73585.3
18105	UN	18105	R-HSA-936883.2
18105	UN	18105	R-HSA-9662114.2
18105	UN	18105	R-HSA-9664214.2
18114	LR	18113	R-HSA-6806877.4
18134	LR	18133	R-HSA-174392.4
18146	LR	18145	R-HSA-70333.8
18159	RL	18157	R-HSA-71670.8
18163	RL	18161	R-HSA-77304.3
18170	LR	18169	R-HSA-6784423.3
18246	LR	18245	R-HSA-196773.4
18246	LR	18245	R-HSA-9837337.1
18254	LR	18253	R-HSA-9012036.4
18254	LR	18253	R-HSA-9012349.4
18258	LR	18257	R-HSA-189421.3
18447	RL	18445	R-HSA-73797.3
18494	LR	18493	R-HSA-159566.3
18534	LR	18533	R-HSA-209859.2
18561	UN	18561	R-HSA-194698.2
18563	RL	18561	R-HSA-194674.2
18586	LR	18585	R-HSA-70481.5
18587	RL	18585	R-HSA-70454.4
18630	LR	18629	R-HSA-197198.3
18630	LR	18629	R-HSA-8955030.2
18634	LR	18633	R-HSA-73577.5
18738	LR	18737	R-HSA-8959510.2
18782	LR	18781	R-HSA-977317.4
18794	LR	18793	R-HSA-6787329.3
18822	LR	18821	R-HSA-264622.3
18966	LR	18965	R-HSA-189488.3
19014	LR	19013	R-HSA-8851234.5
19050	LR	19049	R-HSA-6788611.3
19071	RL	19069	R-HSA-5694071.3
19130	LR	19129	R-HSA-73632.4
19170	LR	19169	R-HSA-9034539.3
19261	UN	19261	R-HSA-382560.2
19261	UN	19261	R-HSA-917979.4
19298	LR	19297	R-HSA-6786245.3
19302	LR	19301	R-HSA-175993.3
19362	LR	19361	R-HSA-191303.3
19362	LR	19361	R-HSA-9717830.2
19375	RL	19373	R-HSA-70938.6
19454	LR	19453	R-HSA-507775.4
19454	LR	19453	R-HSA-70523.5
19455	RL	19453	R-HSA-507749.4
19455	RL	19453	R-HSA-70524.5
19514	LR	19513	R-HSA-70560.4
19630	LR	19629	R-HSA-389540.5
19630	LR	19629	R-HSA-389550.3
19630	LR	19629	R-HSA-450984.6
19670	LR	19669	R-HSA-8851234.5
19714	LR	19713	R-HSA-548843.3
19742	LR	19741	R-HSA-389580.2
19798	LR	19797	R-HSA-1855174.3
19798	LR	19797	R-HSA-1855222.3
19802	LR	19801	R-HSA-196754.4
19866	LR	19865	R-HSA-189425.3
19877	UN	19877	R-HSA-1675780.2
19877	UN	19877	R-HSA-1675813.2
19877	UN	19877	R-HSA-1675883.2
19877	UN	19877	R-HSA-1675974.2
19877	UN	19877	R-HSA-1676185.2
19890	LR	19889	R-HSA-70286.6
19938	LR	19937	R-HSA-6798317.2
19974	LR	19973	R-HSA-351210.2
19986	LR	19985	R-HSA-5692237.2
19990	LR	19989	R-HSA-1237096.2
19991	RL	19989	R-HSA-1299507.2
20014	LR	20013	R-HSA-73573.5
20290	LR	20289	R-HSA-390304.3
20306	LR	20305	R-HSA-9856794.1
20310	LR	20309	R-HSA-1222704.2
20310	LR	20309	R-HSA-76031.3
20314	LR	20313	R-HSA-1855176.3
20314	LR	20313	R-HSA-1855179.3
20434	LR	20433	R-HSA-5662471.3
20442	LR	20441	R-HSA-1614645.4
20522	LR	20521	R-HSA-5696457.2
20522	LR	20521	R-HSA-73920.3
20523	RL	20521	R-HSA-73912.3
20546	LR	20545	R-HSA-71200.3
20555	RL	20553	R-HSA-71020.3
20570	LR	20569	R-HSA-452036.4
20570	LR	20569	R-HSA-70569.4
20697	LR	20696	R-HSA-1222462.2
20697	LR	20696	R-HSA-1222469.2
20697	LR	20696	R-HSA-3299680.2
20697	LR	20696	R-HSA-3299682.2
20697	LR	20696	R-HSA-3299691.2
20697	LR	20696	R-HSA-3777112.3
20781	LR	20780	R-HSA-73788.6
20782	RL	20780	R-HSA-110133.6
20825	LR	20824	R-HSA-109624.5
20841	LR	20840	R-HSA-977301.3
20845	LR	20844	R-HSA-70501.8
20852	UN	20852	R-HSA-374916.4
20941	LR	20940	R-HSA-1855197.3
20941	LR	20940	R-HSA-2267372.4
20965	LR	20964	R-HSA-893583.2
21017	LR	21016	R-HSA-6797627.3
21037	LR	21036	R-HSA-73916.5
21037	LR	21036	R-HSA-8848215.4
21038	RL	21036	R-HSA-74181.4
21081	LR	21080	R-HSA-174391.2
21081	LR	21080	R-HSA-5603114.2
21133	LR	21132	R-HSA-74258.5
21137	LR	21136	R-HSA-390291.3
21162	RL	21160	R-HSA-75848.7
21209	LR	21208	R-HSA-977324.3
21233	LR	21232	R-HSA-70899.6
21285	LR	21284	R-HSA-5362518.2
21285	LR	21284	R-HSA-5362564.2
21292	UN	21292	R-HSA-109699.5
21292	UN	21292	R-HSA-1226014.2
21292	UN	21292	R-HSA-1250370.4
21292	UN	21292	R-HSA-1250462.3
21292	UN	21292	R-HSA-1306957.3
21292	UN	21292	R-HSA-1306979.3
21292	UN	21292	R-HSA-1433514.4
21292	UN	21292	R-HSA-1676048.3
21292	UN	21292	R-HSA-177939.3
21292	UN	21292	R-HSA-1839091.3
21292	UN	21292	R-HSA-1839107.3
21292	UN	21292	R-HSA-186800.2
21292	UN	21292	R-HSA-198266.6
21292	UN	21292	R-HSA-201510.2
21292	UN	21292	R-HSA-202365.3
21292	UN	21292	R-HSA-2029271.2
21292	UN	21292	R-HSA-2316434.9
21292	UN	21292	R-HSA-2394007.2
21292	UN	21292	R-HSA-2424480.2
21292	UN	21292	R-HSA-2730870.2
21292	UN	21292	R-HSA-389158.2
21292	UN	21292	R-HSA-392300.2
21292	UN	21292	R-HSA-437162.2
21292	UN	21292	R-HSA-5218819.2
21292	UN	21292	R-HSA-5637801.3
21292	UN	21292	R-HSA-5654690.3
21292	UN	21292	R-HSA-5654692.3
21292	UN	21292	R-HSA-5654697.3
21292	UN	21292	R-HSA-5654701.2
21292	UN	21292	R-HSA-5654705.2
21292	UN	21292	R-HSA-5654709.3
21292	UN	21292	R-HSA-5654714.3
21292	UN	21292	R-HSA-5654717.2
21292	UN	21292	R-HSA-5655235.2
21292	UN	21292	R-HSA-5655289.3
21292	UN	21292	R-HSA-5655290.2
21292	UN	21292	R-HSA-5655323.2
21292	UN	21292	R-HSA-8852019.2
21292	UN	21292	R-HSA-9021627.2
21292	UN	21292	R-HSA-9028519.2
21292	UN	21292	R-HSA-9603445.3
21292	UN	21292	R-HSA-9664664.2
21292	UN	21292	R-HSA-9664940.2
21292	UN	21292	R-HSA-9665407.2
21292	UN	21292	R-HSA-9670433.2
21292	UN	21292	R-HSA-9672162.2
21292	UN	21292	R-HSA-9672177.2
21292	UN	21292	R-HSA-9680389.2
21292	UN	21292	R-HSA-9712084.2
21292	UN	21292	R-HSA-9860816.1
21361	LR	21360	R-HSA-8939959.4
21377	LR	21376	R-HSA-9856718.1
21381	LR	21380	R-HSA-389622.3
21433	LR	21432	R-HSA-70979.5
21434	RL	21432	R-HSA-9856871.1
21538	RL	21536	R-HSA-70785.7
21645	LR	21644	R-HSA-75887.3
21701	LR	21700	R-HSA-1237129.2
21709	LR	21708	R-HSA-174401.3
21825	LR	21824	R-HSA-70592.9
21825	LR	21824	R-HSA-70596.5
21826	RL	21824	R-HSA-70581.4
21826	RL	21824	R-HSA-70613.8
21845	LR	21844	R-HSA-177160.3
22044	UN	22044	R-HSA-937311.3
22044	UN	22044	R-HSA-9727198.2
22122	RL	22120	R-HSA-71775.6
22157	LR	22156	R-HSA-8851396.5
22170	RL	22168	R-HSA-70369.4
22233	LR	22232	R-HSA-191402.2
22325	LR	22324	R-HSA-266072.3
22337	LR	22336	R-HSA-1614654.4
22385	LR	22384	R-HSA-1855198.3
22409	LR	22408	R-HSA-191322.3
22409	LR	22408	R-HSA-9717834.2
22485	LR	22484	R-HSA-5696197.2
22629	LR	22628	R-HSA-73805.4
22673	LR	22672	R-HSA-191405.3
22764	UN	22764	R-HSA-1675824.2
22764	UN	22764	R-HSA-1676177.3
22861	LR	22860	R-HSA-197235.7
22861	LR	22860	R-HSA-200474.6
22861	LR	22860	R-HSA-200512.6
22889	LR	22888	R-HSA-71010.3
22925	LR	22924	R-HSA-73596.6
22965	LR	22964	R-HSA-70692.2
23033	LR	23032	R-HSA-73810.4
23101	LR	23100	R-HSA-110138.6
23101	LR	23100	R-HSA-6788810.2
23102	RL	23100	R-HSA-110137.6
23177	LR	23176	R-HSA-449911.3
23177	LR	23176	R-HSA-71735.2
23177	LR	23176	R-HSA-8875071.2
23285	LR	23284	R-HSA-191382.2
23353	LR	23352	R-HSA-916855.4
23445	LR	23444	R-HSA-70510.8
23446	RL	23444	R-HSA-6807826.5
23446	RL	23444	R-HSA-71849.9
23453	LR	23452	R-HSA-109624.5
23517	LR	23516	R-HSA-6799495.3
23533	LR	23532	R-HSA-159425.2
23537	LR	23536	R-HSA-9638125.4
23538	RL	23536	R-HSA-9638127.4
23581	LR	23580	R-HSA-76496.4
23597	LR	23596	R-HSA-173597.3
23633	LR	23632	R-HSA-70967.6
23661	LR	23660	R-HSA-70906.4
23681	LR	23680	R-HSA-8850846.7
23681	LR	23680	R-HSA-8851110.4
23725	LR	23724	R-HSA-3204311.2
23733	LR	23732	R-HSA-191414.2
23806	RL	23804	R-HSA-446185.2
23821	LR	23820	R-HSA-6787632.2
23845	LR	23844	R-HSA-8959719.3
23885	LR	23884	R-HSA-5359451.2
23917	LR	23916	R-HSA-8863761.1
23921	LR	23920	R-HSA-73800.3
23984	UN	23984	R-HSA-6807055.3
24021	LR	24020	R-HSA-70573.4
24065	LR	24064	R-HSA-189439.4
24153	LR	24152	R-HSA-174389.4
24249	LR	24248	R-HSA-389684.4
24249	LR	24248	R-HSA-904864.4
24293	LR	24292	R-HSA-70542.5
24298	RL	24296	R-HSA-73571.4
24385	LR	24384	R-HSA-197271.3
24389	LR	24388	R-HSA-74376.5
24390	RL	24388	R-HSA-74372.4
24405	LR	24404	R-HSA-6788597.2
24405	LR	24404	R-HSA-74180.3
24409	LR	24408	R-HSA-5693346.2
24425	LR	24424	R-HSA-198813.4
24505	LR	24504	R-HSA-1237119.2
24510	RL	24508	R-HSA-2161651.4
24521	LR	24520	R-HSA-70940.6
24577	LR	24576	R-HSA-449937.3
24577	LR	24576	R-HSA-6788912.3
24577	LR	24576	R-HSA-71732.8
24593	LR	24592	R-HSA-1483190.2
24601	LR	24600	R-HSA-1614544.3
24617	LR	24616	R-HSA-5693390.2
24617	LR	24616	R-HSA-5696822.2
24617	LR	24616	R-HSA-6810594.2
24617	LR	24616	R-HSA-8862137.3
24618	RL	24616	R-HSA-804969.3
24671	LR	24670	R-HSA-9727347.3
24675	LR	24674	R-HSA-109903.4
24675	LR	24674	R-HSA-73599.4
24675	LR	24674	R-HSA-8954327.2
24735	LR	24734	R-HSA-880033.3
24736	RL	24734	R-HSA-880002.4
25017	UN	25017	R-HSA-199456.5
25035	RL	25033	R-HSA-2464803.3
25035	RL	25033	R-HSA-2464822.2
25035	RL	25033	R-HSA-2465940.2
25035	RL	25033	R-HSA-5419165.2
25035	RL	25033	R-HSA-5615668.2
25035	RL	25033	R-HSA-5623643.2
25095	LR	25094	R-HSA-6788798.2
25095	LR	25094	R-HSA-6788810.2
25095	LR	25094	R-HSA-73548.6
25096	RL	25094	R-HSA-75125.6
25105	LR	25104	R-HSA-964958.2
25109	LR	25108	R-HSA-964962.2
25121	UN	25121	R-HSA-6783883.3
25144	LR	25143	R-HSA-71217.3
25157	LR	25156	R-HSA-196753.4
25161	LR	25160	R-HSA-70654.5
25162	RL	25160	R-HSA-70666.5
25218	LR	25217	R-HSA-209792.2
25254	LR	25253	R-HSA-4085028.3
25266	LR	25265	R-HSA-141200.2
25270	LR	25269	R-HSA-209903.2
25278	LR	25277	R-HSA-111955.2
25278	LR	25277	R-HSA-111962.3
25278	LR	25277	R-HSA-162425.5
25278	LR	25277	R-HSA-418553.3
25278	LR	25277	R-HSA-9629675.4
25278	LR	25277	R-HSA-9644869.3
25278	LR	25277	R-HSA-9705507.2
25278	LR	25277	R-HSA-9708261.2
25278	LR	25277	R-HSA-9865748.1
25291	LR	25290	R-HSA-71707.3
25295	LR	25294	R-HSA-5696091.2
25295	LR	25294	R-HSA-71691.3
25295	LR	25294	R-HSA-71723.3
25312	LR	25311	R-HSA-389842.6
25356	LR	25355	R-HSA-389611.3
25426	RL	25424	R-HSA-74215.6
25481	LR	25480	R-HSA-74177.4
25569	LR	25568	R-HSA-8869606.4
25569	LR	25568	R-HSA-8869607.4
25577	LR	25576	R-HSA-189423.3
25581	LR	25580	R-HSA-6787677.2
25626	LR	25625	R-HSA-5696131.2
25675	LR	25674	R-HSA-6810410.3
25801	LR	25800	R-HSA-141351.2
25805	LR	25804	R-HSA-141341.2
25813	LR	25812	R-HSA-141348.2
26132	UN	26132	R-HSA-426043.2
26137	LR	26136	R-HSA-5693742.3
26137	LR	26136	R-HSA-5693751.3
26338	LR	26337	R-HSA-5696838.2
26390	LR	26389	R-HSA-5164399.2
26427	LR	26426	R-HSA-504054.5
26427	LR	26426	R-HSA-73647.5
26527	LR	26526	R-HSA-5676637.3
26527	LR	26526	R-HSA-8957389.3
26560	RL	26558	R-HSA-77314.3
27429	UN	27429	R-HSA-5221130.4
27430	LR	27429	R-HSA-75899.5
27455	RL	27453	R-HSA-209921.2
27518	UN	27518	R-HSA-428690.4
27518	UN	27518	R-HSA-428696.4
27647	LR	27646	R-HSA-74242.6
27648	RL	27646	R-HSA-112033.6
27671	LR	27670	R-HSA-1855154.3
27675	LR	27674	R-HSA-482619.4
27676	RL	27674	R-HSA-482621.4
27802	UN	27802	R-HSA-2162253.5
27814	UN	27814	R-HSA-429749.3
27950	UN	27950	R-HSA-352103.2
27950	UN	27950	R-HSA-352107.2
27950	UN	27950	R-HSA-352158.2
27950	UN	27950	R-HSA-352191.3
27950	UN	27950	R-HSA-352232.4
28151	LR	28150	R-HSA-351208.2
28219	LR	28218	R-HSA-6789031.2
28219	LR	28218	R-HSA-6789126.3
28235	LR	28234	R-HSA-70655.4
28236	RL	28234	R-HSA-70667.4
28343	LR	28342	R-HSA-2509838.6
28355	LR	28354	R-HSA-77345.3
28359	LR	28358	R-HSA-77274.3
28486	UN	28486	R-HSA-1362417.2
28486	UN	28486	R-HSA-442368.3
28486	UN	28486	R-HSA-904830.2
28486	UN	28486	R-HSA-917936.2
28611	LR	28610	R-HSA-2509831.6
28695	UN	28695	R-HSA-2752067.2
28699	UN	28699	R-HSA-8959798.2
28703	UN	28703	R-HSA-437300.3
28747	UN	28747	R-HSA-444416.2
28784	LR	28783	R-HSA-1247910.3
28808	LR	28807	R-HSA-8943279.3
28839	UN	28839	R-HSA-435171.2
28899	UN	28899	R-HSA-375405.2
28899	UN	28899	R-HSA-375417.2
28899	UN	28899	R-HSA-428625.2
28915	UN	28915	R-HSA-428625.2
28943	UN	28943	R-HSA-6797957.2
28963	UN	28963	R-HSA-375405.2
28963	UN	28963	R-HSA-375417.2
28967	UN	28967	R-HSA-352052.3
28967	UN	28967	R-HSA-352059.2
28967	UN	28967	R-HSA-352108.2
28987	UN	28987	R-HSA-428585.3
28991	UN	28991	R-HSA-4085020.3
29255	UN	29255	R-HSA-2514867.2
29255	UN	29255	R-HSA-8949703.2
29255	UN	29255	R-HSA-9712190.2
29255	UN	29255	R-HSA-9905964.1
29263	UN	29263	R-HSA-352059.2
29263	UN	29263	R-HSA-352108.2
29263	UN	29263	R-HSA-375473.2
29267	UN	29267	R-HSA-352059.2
29267	UN	29267	R-HSA-375473.2
29275	UN	29275	R-HSA-352059.2
29275	UN	29275	R-HSA-375473.2
29283	UN	29283	R-HSA-352059.2
29283	UN	29283	R-HSA-352108.2
29283	UN	29283	R-HSA-352119.2
29283	UN	29283	R-HSA-352364.2
29283	UN	29283	R-HSA-375473.2
29351	UN	29351	R-HSA-435366.2
29351	UN	29351	R-HSA-435375.2
29351	UN	29351	R-HSA-437084.2
29351	UN	29351	R-HSA-437085.2
29351	UN	29351	R-HSA-437136.2
29351	UN	29351	R-HSA-437139.3
29351	UN	29351	R-HSA-442317.2
29351	UN	29351	R-HSA-442345.2
29351	UN	29351	R-HSA-442387.2
29351	UN	29351	R-HSA-442393.2
29351	UN	29351	R-HSA-442405.2
29351	UN	29351	R-HSA-442422.2
29351	UN	29351	R-HSA-9820566.2
29376	LR	29375	R-HSA-109415.4
29388	LR	29387	R-HSA-8851089.5
29388	LR	29387	R-HSA-8851234.5
29400	LR	29399	R-HSA-2509827.6
29415	UN	29415	R-HSA-373867.5
29415	UN	29415	R-HSA-373875.5
29415	UN	29415	R-HSA-433698.4
29415	UN	29415	R-HSA-9645220.4
29419	UN	29419	R-HSA-2872444.2
29419	UN	29419	R-HSA-2872463.2
29419	UN	29419	R-HSA-2889070.3
29419	UN	29419	R-HSA-425965.2
29419	UN	29419	R-HSA-425983.2
29419	UN	29419	R-HSA-425994.2
29419	UN	29419	R-HSA-426015.2
29443	UN	29443	R-HSA-375417.2
29447	UN	29447	R-HSA-8953430.2
29455	UN	29455	R-HSA-376200.2
29463	UN	29463	R-HSA-1013020.2
29463	UN	29463	R-HSA-1296024.3
29463	UN	29463	R-HSA-1296035.3
29463	UN	29463	R-HSA-1296037.2
29463	UN	29463	R-HSA-1296039.2
29463	UN	29463	R-HSA-1296043.2
29463	UN	29463	R-HSA-1296045.2
29463	UN	29463	R-HSA-1296046.3
29463	UN	29463	R-HSA-1296127.2
29463	UN	29463	R-HSA-1296348.2
29463	UN	29463	R-HSA-1299297.2
29463	UN	29463	R-HSA-1299304.2
29463	UN	29463	R-HSA-1299318.2
29463	UN	29463	R-HSA-1299338.2
29463	UN	29463	R-HSA-1299359.2
29463	UN	29463	R-HSA-1369017.3
29463	UN	29463	R-HSA-2534365.2
29463	UN	29463	R-HSA-5577050.2
29463	UN	29463	R-HSA-5577234.3
29463	UN	29463	R-HSA-5577237.7
29463	UN	29463	R-HSA-5578910.2
29463	UN	29463	R-HSA-5678261.3
29463	UN	29463	R-HSA-5683209.3
29463	UN	29463	R-HSA-877187.2
29463	UN	29463	R-HSA-9659554.2
29463	UN	29463	R-HSA-9663752.2
29463	UN	29463	R-HSA-9667761.2
29463	UN	29463	R-HSA-9667809.2
29463	UN	29463	R-HSA-9729870.2
29463	UN	29463	R-HSA-9730521.2
29463	UN	29463	R-HSA-9731072.2
29463	UN	29463	R-HSA-9837835.1
29556	LR	29555	R-HSA-6810464.2
29575	UN	29575	R-HSA-352059.2
29575	UN	29575	R-HSA-352108.2
29575	UN	29575	R-HSA-352119.2
29575	UN	29575	R-HSA-352347.2
29575	UN	29575	R-HSA-375473.2
29579	UN	29579	R-HSA-435171.2
29579	UN	29579	R-HSA-435349.2
29655	UN	29655	R-HSA-352191.3
29655	UN	29655	R-HSA-376200.2
29667	UN	29667	R-HSA-432010.3
29667	UN	29667	R-HSA-432054.3
29667	UN	29667	R-HSA-432065.3
29667	UN	29667	R-HSA-432067.3
29667	UN	29667	R-HSA-445714.3
29667	UN	29667	R-HSA-507868.5
29667	UN	29667	R-HSA-507870.5
29671	UN	29671	R-HSA-139854.3
29671	UN	29671	R-HSA-139855.3
29671	UN	29671	R-HSA-169683.6
29671	UN	29671	R-HSA-2089943.3
29671	UN	29671	R-HSA-210420.4
29671	UN	29671	R-HSA-2534359.2
29671	UN	29671	R-HSA-265645.2
29671	UN	29671	R-HSA-2685505.3
29671	UN	29671	R-HSA-2855020.4
29671	UN	29671	R-HSA-3295579.4
29671	UN	29671	R-HSA-399712.5
29671	UN	29671	R-HSA-418309.2
29671	UN	29671	R-HSA-426223.2
29671	UN	29671	R-HSA-432164.5
29671	UN	29671	R-HSA-434798.2
29671	UN	29671	R-HSA-4420052.3
29671	UN	29671	R-HSA-451311.3
29671	UN	29671	R-HSA-5577213.9
29671	UN	29671	R-HSA-622326.4
29671	UN	29671	R-HSA-629595.4
29671	UN	29671	R-HSA-8949145.2
29671	UN	29671	R-HSA-8949178.2
29671	UN	29671	R-HSA-9659515.2
29671	UN	29671	R-HSA-9663785.2
29671	UN	29671	R-HSA-9701055.2
29671	UN	29671	R-HSA-9701141.2
29671	UN	29671	R-HSA-9706720.2
29671	UN	29671	R-HSA-9717215.2
29671	UN	29671	R-HSA-9754616.2
29671	UN	29671	R-HSA-9858800.1
29671	UN	29671	R-HSA-9905934.1
29675	UN	29675	R-HSA-432049.4
29675	UN	29675	R-HSA-432074.4
29675	UN	29675	R-HSA-507869.4
29675	UN	29675	R-HSA-507871.4
29679	UN	29679	R-HSA-6803255.2
29703	UN	29703	R-HSA-352103.2
29703	UN	29703	R-HSA-352107.2
29703	UN	29703	R-HSA-352191.3
29703	UN	29703	R-HSA-352232.4
29703	UN	29703	R-HSA-9672770.5
29723	UN	29723	R-HSA-6784434.3
29723	UN	29723	R-HSA-6784436.5
29823	UN	29823	R-HSA-2684901.4
29823	UN	29823	R-HSA-2744228.2
29823	UN	29823	R-HSA-2744242.4
29823	UN	29823	R-HSA-2744349.2
29823	UN	29823	R-HSA-2744361.4
29823	UN	29823	R-HSA-427570.2
29823	UN	29823	R-HSA-432034.4
29823	UN	29823	R-HSA-432036.5
29823	UN	29823	R-HSA-8941543.2
29823	UN	29823	R-HSA-9659568.2
29823	UN	29823	R-HSA-9712204.2
29823	UN	29823	R-HSA-975340.5
29823	UN	29823	R-HSA-975389.2
29823	UN	29823	R-HSA-975449.3
29827	UN	29827	R-HSA-426223.2
29827	UN	29827	R-HSA-442661.3
29827	UN	29827	R-HSA-5336453.2
29827	UN	29827	R-HSA-5336454.2
29827	UN	29827	R-HSA-5336466.2
29827	UN	29827	R-HSA-5339528.2
29827	UN	29827	R-HSA-5339538.2
29864	LR	29863	R-HSA-1008248.4
29927	UN	29927	R-HSA-429581.2
30088	LR	30087	R-HSA-880050.3
30236	LR	30235	R-HSA-70679.5
30268	LR	30267	R-HSA-9640302.2
30549	RL	30547	R-HSA-77325.3
30592	LR	30591	R-HSA-141202.2
30592	LR	30591	R-HSA-5696146.2
30684	LR	30683	R-HSA-4085021.3
30721	RL	30719	R-HSA-70844.6
30732	LR	30731	R-HSA-77319.4
30736	LR	30735	R-HSA-1855211.3
30740	LR	30739	R-HSA-1855210.3
30748	LR	30747	R-HSA-77299.3
30752	LR	30751	R-HSA-201035.3
30752	LR	30751	R-HSA-434382.3
30784	LR	30783	R-HSA-6813749.4
30800	LR	30799	R-HSA-77312.3
30816	LR	30815	R-HSA-8940074.5
30848	LR	30847	R-HSA-71046.6
30852	LR	30851	R-HSA-70342.7
30944	LR	30943	R-HSA-77338.3
31040	LR	31039	R-HSA-77263.3
31077	RL	31075	R-HSA-77256.3
31089	RL	31087	R-HSA-77340.3
31093	RL	31091	R-HSA-77271.3
31105	RL	31103	R-HSA-197963.3
31105	RL	31103	R-HSA-9709098.2
31113	RL	31111	R-HSA-77321.3
31121	RL	31119	R-HSA-70830.4
31144	LR	31143	R-HSA-77323.3
31152	LR	31151	R-HSA-2408543.3
31160	LR	31159	R-HSA-77303.3
31165	RL	31163	R-HSA-77301.3
31168	LR	31167	R-HSA-77283.3
31173	RL	31171	R-HSA-77277.3
31176	LR	31175	R-HSA-70870.6
31180	LR	31179	R-HSA-77254.3
31185	RL	31183	R-HSA-77309.3
31188	LR	31187	R-HSA-77342.3
31193	RL	31191	R-HSA-77344.3
31196	LR	31195	R-HSA-77331.3
31201	RL	31199	R-HSA-77333.3
31205	RL	31203	R-HSA-77329.3
31208	LR	31207	R-HSA-77327.3
31212	LR	31211	R-HSA-2408551.2
31216	LR	31215	R-HSA-380608.4
31240	LR	31239	R-HSA-190182.3
31252	LR	31251	R-HSA-70881.6
31276	LR	31275	R-HSA-70885.6
31277	RL	31275	R-HSA-508473.5
31284	LR	31283	R-HSA-188467.3
31495	UN	31495	R-HSA-9851347.1
31564	LR	31563	R-HSA-266046.6
31576	LR	31575	R-HSA-2395849.5
31576	LR	31575	R-HSA-2395869.5
31584	LR	31583	R-HSA-2395818.6
31765	RL	31763	R-HSA-1237102.3
31980	LR	31979	R-HSA-139970.3
32064	LR	32063	R-HSA-2395876.6
32064	LR	32063	R-HSA-2395879.5
32143	UN	32143	R-HSA-352136.2
32143	UN	32143	R-HSA-375768.2
32143	UN	32143	R-HSA-375770.2
32143	UN	32143	R-HSA-375776.2
32143	UN	32143	R-HSA-375790.2
32143	UN	32143	R-HSA-8932851.2
32143	UN	32143	R-HSA-8952726.2
32143	UN	32143	R-HSA-8959781.2
32228	LR	32227	R-HSA-6806966.3
32232	LR	32231	R-HSA-6806967.3
32751	UN	32751	R-HSA-444433.2
32751	UN	32751	R-HSA-6797956.2
32799	UN	32799	R-HSA-444126.2
32799	UN	32799	R-HSA-507873.4
32799	UN	32799	R-HSA-507875.4
32887	UN	32887	R-HSA-975635.2
32931	UN	32931	R-HSA-1483063.2
32939	UN	32939	R-HSA-1482961.2
32939	UN	32939	R-HSA-1482973.2
32948	LR	32947	R-HSA-6800334.2
32955	UN	32955	R-HSA-1675836.2
32955	UN	32955	R-HSA-1676005.2
32955	UN	32955	R-HSA-1676020.2
32955	UN	32955	R-HSA-1676174.2
33033	RL	33031	R-HSA-5652195.7
33100	LR	33099	R-HSA-351207.2
33179	UN	33179	R-HSA-1112666.3
33179	UN	33179	R-HSA-114689.5
33179	UN	33179	R-HSA-1855177.5
33179	UN	33179	R-HSA-1855214.4
33179	UN	33179	R-HSA-1855221.5
33179	UN	33179	R-HSA-398193.2
33179	UN	33179	R-HSA-399998.2
33179	UN	33179	R-HSA-9717205.2
33183	UN	33183	R-HSA-9737111.2
33191	UN	33191	R-HSA-1482636.2
33195	UN	33195	R-HSA-1482598.2
33208	LR	33207	R-HSA-508040.4
33459	UN	33459	R-HSA-194632.2
33555	UN	33555	R-HSA-428262.6
33651	UN	33651	R-HSA-2046098.2
33739	UN	33739	R-HSA-6808464.5
33741	RL	33739	R-HSA-5696080.5
33751	UN	33751	R-HSA-1483197.2
33919	UN	33919	R-HSA-9755937.2
34000	LR	33999	R-HSA-195690.3
34003	UN	34003	R-HSA-195664.3
34088	LR	34087	R-HSA-264695.5
34092	LR	34091	R-HSA-5696408.4
34288	LR	34287	R-HSA-5662692.2
34904	LR	34903	R-HSA-2408556.2
34919	UN	34919	R-HSA-199626.2
34923	UN	34923	R-HSA-432034.4
34923	UN	34923	R-HSA-432036.5
34928	LR	34927	R-HSA-2408542.2
34936	LR	34935	R-HSA-9825790.2
34959	UN	34959	R-HSA-164967.3
34959	UN	34959	R-HSA-8949399.3
34963	UN	34963	R-HSA-2671885.5
34963	UN	34963	R-HSA-2672334.5
34963	UN	34963	R-HSA-2730664.4
34963	UN	34963	R-HSA-3295580.2
34963	UN	34963	R-HSA-399711.3
34963	UN	34963	R-HSA-420980.3
34963	UN	34963	R-HSA-426223.2
34963	UN	34963	R-HSA-438037.4
34963	UN	34963	R-HSA-451310.4
34963	UN	34963	R-HSA-5576895.8
34963	UN	34963	R-HSA-622325.5
34963	UN	34963	R-HSA-9717374.2
34963	UN	34963	R-HSA-9717382.2
34963	UN	34963	R-HSA-9717383.2
34963	UN	34963	R-HSA-9717395.2
34963	UN	34963	R-HSA-9717396.2
34979	UN	34979	R-HSA-1222516.2
34979	UN	34979	R-HSA-170026.6
34979	UN	34979	R-HSA-2534378.2
34979	UN	34979	R-HSA-6788999.3
34979	UN	34979	R-HSA-74723.3
34979	UN	34979	R-HSA-9729542.2
34979	UN	34979	R-HSA-9864415.1
34983	UN	34983	R-HSA-8875871.2
34999	UN	34999	R-HSA-163215.3
34999	UN	34999	R-HSA-5672027.5
35015	UN	35015	R-HSA-3165230.5
35019	UN	35019	R-HSA-352191.3
35019	UN	35019	R-HSA-376200.2
35031	UN	35031	R-HSA-352191.3
35031	UN	35031	R-HSA-376200.2
35031	UN	35031	R-HSA-8932980.2
35035	UN	35035	R-HSA-888592.3
35035	UN	35035	R-HSA-9653180.2
35208	LR	35207	R-HSA-2509816.6
35212	LR	35211	R-HSA-2509793.6
35220	LR	35219	R-HSA-2395965.5
35271	UN	35271	R-HSA-1482626.2
35301	RL	35299	R-HSA-548818.4
35316	LR	35315	R-HSA-548814.3
35328	LR	35327	R-HSA-548815.4
35353	RL	35351	R-HSA-548831.4
35588	LR	35587	R-HSA-196950.4
35648	LR	35647	R-HSA-3244614.4
36316	LR	36315	R-HSA-390425.4
36316	LR	36315	R-HSA-390438.4
36391	UN	36391	R-HSA-196417.3
36399	UN	36399	R-HSA-6807064.3
36476	LR	36475	R-HSA-548800.4
36496	LR	36495	R-HSA-70420.6
36516	LR	36515	R-HSA-548830.3
36800	LR	36799	R-HSA-8850854.5
36800	LR	36799	R-HSA-8851129.4
37108	LR	37107	R-HSA-5694126.2
37336	LR	37335	R-HSA-73618.4
37340	LR	37339	R-HSA-73620.5
37460	LR	37459	R-HSA-1855216.3
37468	LR	37467	R-HSA-1855157.3
37468	LR	37467	R-HSA-1855194.3
38168	LR	38167	R-HSA-8848582.4
38176	LR	38175	R-HSA-8848585.4
38663	UN	38663	R-HSA-1483170.3
38695	UN	38695	R-HSA-1482857.2
38903	UN	38903	R-HSA-382553.2
38951	UN	38951	R-HSA-9843721.1
38955	UN	38955	R-HSA-5339535.4
38963	UN	38963	R-HSA-266070.3
39007	UN	39007	R-HSA-8876731.2
39019	UN	39019	R-HSA-1676065.4
39019	UN	39019	R-HSA-1676105.4
39019	UN	39019	R-HSA-1676203.4
39019	UN	39019	R-HSA-6809320.2
39019	UN	39019	R-HSA-6809778.2
39019	UN	39019	R-HSA-6809944.2
39051	UN	39051	R-HSA-1369028.2
39051	UN	39051	R-HSA-1369052.2
39051	UN	39051	R-HSA-1454928.2
39051	UN	39051	R-HSA-8848053.3
39120	LR	39119	R-HSA-2066787.2
39132	LR	39131	R-HSA-2066788.3
39213	RL	39211	R-HSA-390252.4
39213	RL	39211	R-HSA-6809263.3
39743	UN	39743	R-HSA-1483218.2
39747	UN	39747	R-HSA-265443.3
39747	UN	39747	R-HSA-5250531.3
39747	UN	39747	R-HSA-8951850.2
40036	LR	40035	R-HSA-8942575.3
40456	LR	40455	R-HSA-192056.2
40460	LR	40459	R-HSA-389889.4
40460	LR	40459	R-HSA-389891.3
40651	UN	40651	R-HSA-111883.5
40716	LR	40715	R-HSA-75879.3
41337	LR	41336	R-HSA-2161950.4
41573	LR	41572	R-HSA-2161779.5
41593	LR	41592	R-HSA-2161844.5
41968	UN	41968	R-HSA-9846305.1
42061	LR	42060	R-HSA-5362721.2
42081	LR	42080	R-HSA-5362522.2
42085	LR	42084	R-HSA-5696101.2
42128	UN	42128	R-HSA-8959462.4
42453	LR	42452	R-HSA-893597.2
42453	LR	42452	R-HSA-893609.2
42597	LR	42596	R-HSA-140355.3
42597	LR	42596	R-HSA-2309787.3
42601	LR	42600	R-HSA-140359.3
42601	LR	42600	R-HSA-2309773.8
43389	LR	43388	R-HSA-1855202.3
43393	LR	43392	R-HSA-1855180.3
43765	LR	43764	R-HSA-159425.2
43837	LR	43836	R-HSA-192123.2
43925	LR	43924	R-HSA-196350.2
43929	LR	43928	R-HSA-193052.3
44017	LR	44016	R-HSA-389609.4
44041	LR	44040	R-HSA-9915994.1
44045	LR	44044	R-HSA-9915986.1
44049	LR	44048	R-HSA-9915968.1
44412	UN	44412	R-HSA-2162186.6
44492	UN	44492	R-HSA-2162193.6
44564	UN	44564	R-HSA-2162192.5
44680	UN	44680	R-HSA-1675810.2
44680	UN	44680	R-HSA-1675866.2
44688	UN	44688	R-HSA-1482543.2
44764	UN	44764	R-HSA-2162188.6
44861	LR	44860	R-HSA-390281.3
44905	LR	44904	R-HSA-3262512.5
44905	LR	44904	R-HSA-3266566.5
44905	LR	44904	R-HSA-71825.5
44936	UN	44936	R-HSA-2046085.2
44961	LR	44960	R-HSA-8952873.2
44977	LR	44976	R-HSA-390284.3
45088	UN	45088	R-HSA-1483186.2
45256	UN	45256	R-HSA-434381.2
45314	RL	45312	R-HSA-2161549.4
45317	LR	45316	R-HSA-2161614.4
45753	LR	45752	R-HSA-109998.3
45913	LR	45912	R-HSA-6786720.3
46045	LR	46044	R-HSA-6809808.4
46133	LR	46132	R-HSA-191983.2
46149	LR	46148	R-HSA-8866601.5
46632	UN	46632	R-HSA-192067.2
46640	UN	46640	R-HSA-192033.2
46740	UN	46740	R-HSA-196402.3
47089	LR	47088	R-HSA-193455.2
47200	UN	47200	R-HSA-193789.2
47265	LR	47264	R-HSA-389632.4
47572	UN	47572	R-HSA-9845538.1
47725	LR	47724	R-HSA-6785928.3
47992	UN	47992	R-HSA-450971.5
48260	UN	48260	R-HSA-9845538.1
48344	UN	48344	R-HSA-6785933.4
48585	LR	48584	R-HSA-2161775.6
48589	LR	48588	R-HSA-9916401.1
48617	LR	48616	R-HSA-266012.5
48621	LR	48620	R-HSA-2161946.4
48645	LR	48644	R-HSA-2161613.4
48821	LR	48820	R-HSA-9027532.3
48853	LR	48852	R-HSA-9026408.4
49785	LR	49784	R-HSA-193491.2
49789	LR	49788	R-HSA-193491.2
49916	UN	49916	R-HSA-200424.5
50045	LR	50044	R-HSA-6810474.3
50048	UN	50048	R-HSA-194153.3
50052	UN	50052	R-HSA-193362.2
50052	UN	50052	R-HSA-194153.3
50056	UN	50056	R-HSA-193362.2
50056	UN	50056	R-HSA-194153.3
50060	UN	50060	R-HSA-193362.2
50060	UN	50060	R-HSA-194153.3
50064	UN	50064	R-HSA-193362.2
50064	UN	50064	R-HSA-194153.3
50205	LR	50204	R-HSA-9018858.3
50537	LR	50536	R-HSA-2161659.4
50541	LR	50540	R-HSA-2161666.4
50545	LR	50544	R-HSA-2161735.4
50557	LR	50556	R-HSA-2161733.4
50590	RL	50588	R-HSA-2161692.3
50609	LR	50608	R-HSA-2161567.4
50709	LR	50708	R-HSA-2161999.4
50822	RL	50820	R-HSA-469659.4
50822	RL	50820	R-HSA-9705713.2
50822	RL	50820	R-HSA-9705714.2
50833	LR	50832	R-HSA-9027607.4
50841	LR	50840	R-HSA-9020275.3
50976	UN	50976	R-HSA-879528.2
50980	UN	50980	R-HSA-879528.2
50984	UN	50984	R-HSA-879528.2
50984	UN	50984	R-HSA-9857682.1
50988	UN	50988	R-HSA-879528.2
51065	LR	51064	R-HSA-176588.3
51189	LR	51188	R-HSA-1222407.3
51189	LR	51188	R-HSA-1497878.3
51189	LR	51188	R-HSA-3697855.2
51189	LR	51188	R-HSA-8942052.2
51194	RL	51192	R-HSA-880053.3
51196	UN	51196	R-HSA-444008.4
51217	LR	51216	R-HSA-176631.3
51221	LR	51220	R-HSA-3301943.2
51301	LR	51300	R-HSA-9673053.3
51302	RL	51300	R-HSA-9673054.3
51496	UN	51496	R-HSA-428273.5
51496	UN	51496	R-HSA-9695949.4
51725	LR	51724	R-HSA-6810472.2
51969	LR	51968	R-HSA-9018863.3
52021	LR	52020	R-HSA-9018901.3
52025	LR	52024	R-HSA-9018867.3
52313	LR	52312	R-HSA-2161732.4
52357	LR	52356	R-HSA-176517.3
52369	LR	52368	R-HSA-176609.3
52373	LR	52372	R-HSA-176521.3
53509	LR	53508	R-HSA-9026777.3
53509	LR	53508	R-HSA-9026780.3
53513	LR	53512	R-HSA-9026757.3
53537	LR	53536	R-HSA-9024993.3
53541	LR	53540	R-HSA-9026771.4
53549	LR	53548	R-HSA-2161563.4
54537	LR	54536	R-HSA-5695957.3
54537	LR	54536	R-HSA-5696007.3
54537	LR	54536	R-HSA-8875077.3
54537	LR	54536	R-HSA-9914143.1
54913	LR	54912	R-HSA-2465921.4
55652	UN	55652	R-HSA-1675988.2
55652	UN	55652	R-HSA-1676124.3
55652	UN	55652	R-HSA-1676133.2
57169	LR	57168	R-HSA-880007.4
57817	LR	57816	R-HSA-8953339.2
57841	LR	57840	R-HSA-6809561.3
57841	LR	57840	R-HSA-6809565.4
58286	RL	58284	R-HSA-73616.3
58438	RL	58436	R-HSA-196060.4
59409	LR	59408	R-HSA-5691507.4
59425	LR	59424	R-HSA-5696183.2
60364	UN	60364	R-HSA-429101.2
60368	UN	60368	R-HSA-2872497.2
60380	UN	60380	R-HSA-198818.4
61241	LR	61240	R-HSA-2160492.3
61669	LR	61668	R-HSA-159567.4
62357	LR	62356	R-HSA-2395873.6
63180	UN	63180	R-HSA-5218841.3
63180	UN	63180	R-HSA-5668629.6
63180	UN	63180	R-HSA-5668718.4
63180	UN	63180	R-HSA-5668731.3
63180	UN	63180	R-HSA-6789092.2
63180	UN	63180	R-HSA-9673797.2
63181	LR	63180	R-HSA-1222376.2
63181	LR	63180	R-HSA-1236967.2
63181	LR	63180	R-HSA-1497810.4
63181	LR	63180	R-HSA-6807557.2
63388	UN	63388	R-HSA-2995334.4
63952	UN	63952	R-HSA-428664.5
64720	UN	64720	R-HSA-372342.6
64720	UN	64720	R-HSA-433698.4
64720	UN	64720	R-HSA-9645220.4
64816	UN	64816	R-HSA-189456.4
64877	LR	64876	R-HSA-8851396.5
64901	LR	64900	R-HSA-8851234.5
64901	LR	64900	R-HSA-8851538.5
64989	LR	64988	R-HSA-6809354.4
64989	LR	64988	R-HSA-8938314.2
64989	LR	64988	R-HSA-9837354.1
65397	LR	65396	R-HSA-9731228.2
65921	LR	65920	R-HSA-893596.5
65921	LR	65920	R-HSA-901097.2
66172	UN	66172	R-HSA-5340130.3
66272	UN	66272	R-HSA-382553.2
66324	UN	66324	R-HSA-429767.3
66324	UN	66324	R-HSA-432034.4
66324	UN	66324	R-HSA-432036.5
66324	UN	66324	R-HSA-5627802.2
66324	UN	66324	R-HSA-8941543.2
66336	UN	66336	R-HSA-210439.2
66336	UN	66336	R-HSA-212658.5
66549	LR	66548	R-HSA-176646.4
67393	LR	67392	R-HSA-2395872.6
67601	LR	67600	R-HSA-9731590.2
67605	LR	67604	R-HSA-9731613.2
67609	LR	67608	R-HSA-9731632.2
67684	UN	67684	R-HSA-382575.3
67701	LR	67700	R-HSA-2066779.2
67724	UN	67724	R-HSA-727807.3
67881	LR	67880	R-HSA-159358.4
67945	LR	67944	R-HSA-6787811.3
67969	LR	67968	R-HSA-8952137.2
68013	LR	68012	R-HSA-74247.6
68228	UN	68228	R-HSA-352108.2
68228	UN	68228	R-HSA-375473.2
68232	UN	68232	R-HSA-352059.2
68232	UN	68232	R-HSA-352354.2
68232	UN	68232	R-HSA-375473.2
68236	UN	68236	R-HSA-212642.3
68236	UN	68236	R-HSA-352059.2
68236	UN	68236	R-HSA-352108.2
68236	UN	68236	R-HSA-352119.2
68236	UN	68236	R-HSA-375473.2
68240	UN	68240	R-HSA-352059.2
68240	UN	68240	R-HSA-352108.2
68240	UN	68240	R-HSA-352119.2
68240	UN	68240	R-HSA-375473.2
68244	UN	68244	R-HSA-375473.2
68248	UN	68248	R-HSA-375473.2
68252	UN	68252	R-HSA-375473.2
68329	LR	68328	R-HSA-9837419.1
68357	LR	68356	R-HSA-5693783.3
68572	UN	68572	R-HSA-352158.2
68572	UN	68572	R-HSA-352191.3
68572	UN	68572	R-HSA-352232.4
68618	RL	68616	R-HSA-194023.3
68649	LR	68648	R-HSA-1614591.4
68653	LR	68652	R-HSA-1614567.4
69073	LR	69072	R-HSA-141186.4
69404	UN	69404	R-HSA-109527.2
69404	UN	69404	R-HSA-109529.2
69417	LR	69416	R-HSA-8855490.2
69820	LR	69819	R-HSA-1655453.5
69883	UN	69883	R-HSA-198870.4
69887	UN	69887	R-HSA-109530.2
69887	UN	69887	R-HSA-109538.2
69887	UN	69887	R-HSA-109539.2
69891	UN	69891	R-HSA-109530.2
69891	UN	69891	R-HSA-109538.2
69895	UN	69895	R-HSA-109530.2
69895	UN	69895	R-HSA-109538.2
69927	UN	69927	R-HSA-109530.2
69927	UN	69927	R-HSA-109538.2
69927	UN	69927	R-HSA-109539.2
69931	UN	69931	R-HSA-109538.2
69931	UN	69931	R-HSA-109539.2
69935	UN	69935	R-HSA-109538.2
69935	UN	69935	R-HSA-109539.2
69955	UN	69955	R-HSA-425661.4
69955	UN	69955	R-HSA-8949688.2
69967	UN	69967	R-HSA-2514891.2
69967	UN	69967	R-HSA-425678.2
69967	UN	69967	R-HSA-5626316.2
69999	UN	69999	R-HSA-352059.2
69999	UN	69999	R-HSA-352108.2
69999	UN	69999	R-HSA-352371.2
70023	UN	70023	R-HSA-352059.2
70288	LR	70287	R-HSA-1855169.3
70300	LR	70299	R-HSA-9640307.2
70320	LR	70319	R-HSA-1855232.3
70687	UN	70687	R-HSA-444007.2
70699	UN	70699	R-HSA-210404.5
70711	UN	70711	R-HSA-376200.2
70715	UN	70715	R-HSA-351963.2
70715	UN	70715	R-HSA-352191.3
70715	UN	70715	R-HSA-376200.2
70719	UN	70719	R-HSA-352191.3
70719	UN	70719	R-HSA-376200.2
70783	UN	70783	R-HSA-372448.7
70831	UN	70831	R-HSA-379415.2
70831	UN	70831	R-HSA-379426.2
70912	LR	70911	R-HSA-8955760.4
70935	UN	70935	R-HSA-352136.2
70935	UN	70935	R-HSA-375768.2
70935	UN	70935	R-HSA-375770.2
70935	UN	70935	R-HSA-375776.2
70935	UN	70935	R-HSA-375790.2
70935	UN	70935	R-HSA-8932851.2
70935	UN	70935	R-HSA-8959781.2
70939	UN	70939	R-HSA-352103.2
70939	UN	70939	R-HSA-352107.2
70939	UN	70939	R-HSA-352191.3
70939	UN	70939	R-HSA-352232.4
70943	UN	70943	R-HSA-352103.2
70943	UN	70943	R-HSA-352107.2
70943	UN	70943	R-HSA-352191.3
70943	UN	70943	R-HSA-352232.4
70943	UN	70943	R-HSA-9672770.5
70947	UN	70947	R-HSA-352158.2
70947	UN	70947	R-HSA-352191.3
70947	UN	70947	R-HSA-352232.4
70947	UN	70947	R-HSA-8870352.3
70955	UN	70955	R-HSA-428052.2
70955	UN	70955	R-HSA-8875623.3
71059	UN	71059	R-HSA-379432.2
71127	UN	71127	R-HSA-352174.2
71127	UN	71127	R-HSA-352182.3
71131	UN	71131	R-HSA-352174.2
71131	UN	71131	R-HSA-352182.3
71135	UN	71135	R-HSA-352174.2
71135	UN	71135	R-HSA-352182.3
71159	UN	71159	R-HSA-352182.3
71163	UN	71163	R-HSA-352174.2
71163	UN	71163	R-HSA-352182.3
71167	UN	71167	R-HSA-352182.3
71199	UN	71199	R-HSA-375768.2
71199	UN	71199	R-HSA-375770.2
71199	UN	71199	R-HSA-375776.2
71199	UN	71199	R-HSA-375790.2
71199	UN	71199	R-HSA-8959781.2
71203	UN	71203	R-HSA-8959781.2
71207	UN	71207	R-HSA-209910.2
71255	UN	71255	R-HSA-427656.4
71259	UN	71259	R-HSA-427605.2
71259	UN	71259	R-HSA-427645.2
71383	UN	71383	R-HSA-352059.2
71383	UN	71383	R-HSA-352108.2
71383	UN	71383	R-HSA-352119.2
71395	UN	71395	R-HSA-428990.5
71515	UN	71515	R-HSA-109527.2
71515	UN	71515	R-HSA-109529.2
71519	UN	71519	R-HSA-109527.2
71519	UN	71519	R-HSA-109529.2
71519	UN	71519	R-HSA-109534.3
71519	UN	71519	R-HSA-109536.3
71519	UN	71519	R-HSA-727749.2
71519	UN	71519	R-HSA-727767.2
71523	UN	71523	R-HSA-109527.2
71523	UN	71523	R-HSA-109529.2
71523	UN	71523	R-HSA-727749.2
71523	UN	71523	R-HSA-727767.2
71527	UN	71527	R-HSA-109527.2
71527	UN	71527	R-HSA-109529.2
71531	UN	71531	R-HSA-109527.2
71531	UN	71531	R-HSA-109529.2
71587	UN	71587	R-HSA-198440.6
71587	UN	71587	R-HSA-376851.6
71607	UN	71607	R-HSA-372843.5
71615	UN	71615	R-HSA-1614546.3
71703	UN	71703	R-HSA-192315.2
71703	UN	71703	R-HSA-194079.3
71703	UN	71703	R-HSA-194083.4
71703	UN	71703	R-HSA-194130.4
71703	UN	71703	R-HSA-9733964.2
71739	UN	71739	R-HSA-372480.3
71775	UN	71775	R-HSA-433698.4
71775	UN	71775	R-HSA-9645220.4
71799	UN	71799	R-HSA-418365.3
71799	UN	71799	R-HSA-427910.4
71851	UN	71851	R-HSA-192315.2
71851	UN	71851	R-HSA-194079.3
71851	UN	71851	R-HSA-194083.4
71851	UN	71851	R-HSA-194130.4
71851	UN	71851	R-HSA-9733964.2
71855	UN	71855	R-HSA-192315.2
71855	UN	71855	R-HSA-194130.4
71855	UN	71855	R-HSA-9733964.2
71859	UN	71859	R-HSA-192315.2
71859	UN	71859	R-HSA-194130.4
71859	UN	71859	R-HSA-9733964.2
71919	UN	71919	R-HSA-433101.2
72003	UN	72003	R-HSA-561253.2
72091	UN	72091	R-HSA-165026.4
72091	UN	72091	R-HSA-549297.3
72199	UN	72199	R-HSA-8949687.3
72219	UN	72219	R-HSA-425483.3
72219	UN	72219	R-HSA-8878664.4
72256	LR	72255	R-HSA-379387.7
72256	LR	72255	R-HSA-8955010.3
72363	UN	72363	R-HSA-1237038.2
72363	UN	72363	R-HSA-1247665.3
72363	UN	72363	R-HSA-425482.2
72363	UN	72363	R-HSA-427666.2
72395	UN	72395	R-HSA-426086.2
72399	UN	72399	R-HSA-561059.2
72427	UN	72427	R-HSA-426155.2
72483	UN	72483	R-HSA-75849.5
72543	UN	72543	R-HSA-561059.2
72683	UN	72683	R-HSA-193399.2
72683	UN	72683	R-HSA-194130.4
72683	UN	72683	R-HSA-9733964.2
72687	UN	72687	R-HSA-2404139.2
72695	UN	72695	R-HSA-741450.2
72695	UN	72695	R-HSA-744231.3
72727	UN	72727	R-HSA-9912889.1
72731	UN	72731	R-HSA-9792608.2
72791	UN	72791	R-HSA-9661446.3
72795	UN	72795	R-HSA-9661446.3
72807	UN	72807	R-HSA-352191.3
72807	UN	72807	R-HSA-352232.4
72807	UN	72807	R-HSA-8932851.2
72807	UN	72807	R-HSA-8959781.2
72839	UN	72839	R-HSA-9837333.1
72907	UN	72907	R-HSA-429567.2
72987	UN	72987	R-HSA-429663.3
73011	UN	73011	R-HSA-352103.2
73011	UN	73011	R-HSA-352107.2
73011	UN	73011	R-HSA-352191.3
73011	UN	73011	R-HSA-352232.4
73011	UN	73011	R-HSA-9672770.5
73063	UN	73063	R-HSA-435171.2
73371	UN	73371	R-HSA-199206.4
73375	UN	73375	R-HSA-199219.3
73419	UN	73419	R-HSA-212614.3
73419	UN	73419	R-HSA-212651.4
73419	UN	73419	R-HSA-352191.3
73423	UN	73423	R-HSA-352191.3
73703	UN	73703	R-HSA-174368.2
73811	UN	73811	R-HSA-8870354.3
73863	UN	73863	R-HSA-351596.2
73863	UN	73863	R-HSA-372542.3
73863	UN	73863	R-HSA-444160.2
73863	UN	73863	R-HSA-727740.2
73863	UN	73863	R-HSA-727768.2
73867	UN	73867	R-HSA-380586.4
73867	UN	73867	R-HSA-444160.2
73867	UN	73867	R-HSA-727740.2
73867	UN	73867	R-HSA-727768.2
73871	UN	73871	R-HSA-351604.2
73871	UN	73871	R-HSA-374896.2
73871	UN	73871	R-HSA-374919.4
73871	UN	73871	R-HSA-444160.2
73871	UN	73871	R-HSA-727740.2
73871	UN	73871	R-HSA-727768.2
73875	UN	73875	R-HSA-444160.2
73875	UN	73875	R-HSA-727740.2
73875	UN	73875	R-HSA-727768.2
73879	UN	73879	R-HSA-444160.2
73887	UN	73887	R-HSA-426130.2
74375	UN	74375	R-HSA-3779381.3
74375	UN	74375	R-HSA-6789077.2
74819	UN	74819	R-HSA-1247915.2
74819	UN	74819	R-HSA-1500817.2
74891	UN	74891	R-HSA-1237042.4
74891	UN	74891	R-HSA-1237069.4
74891	UN	74891	R-HSA-1247645.3
74891	UN	74891	R-HSA-1247649.3
74895	UN	74895	R-HSA-1222662.2
74895	UN	74895	R-HSA-1222686.3
75039	UN	75039	R-HSA-727759.2
75043	UN	75043	R-HSA-379432.2
75051	UN	75051	R-HSA-194130.4
75051	UN	75051	R-HSA-9733964.2
75343	UN	75343	R-HSA-109527.2
75343	UN	75343	R-HSA-109529.2
75343	UN	75343	R-HSA-109534.3
75343	UN	75343	R-HSA-109536.3
75343	UN	75343	R-HSA-727740.2
75343	UN	75343	R-HSA-727749.2
75343	UN	75343	R-HSA-727767.2
75343	UN	75343	R-HSA-727768.2
75363	UN	75363	R-HSA-109527.2
75363	UN	75363	R-HSA-109529.2
75363	UN	75363	R-HSA-109534.3
75363	UN	75363	R-HSA-109536.3
75363	UN	75363	R-HSA-727749.2
75363	UN	75363	R-HSA-727767.2
75367	UN	75367	R-HSA-109527.2
75367	UN	75367	R-HSA-109529.2
75367	UN	75367	R-HSA-109534.3
75367	UN	75367	R-HSA-109536.3
75367	UN	75367	R-HSA-727749.2
75367	UN	75367	R-HSA-727767.2
75371	UN	75371	R-HSA-109527.2
75371	UN	75371	R-HSA-109529.2
75371	UN	75371	R-HSA-109534.3
75371	UN	75371	R-HSA-109536.3
75371	UN	75371	R-HSA-727749.2
75371	UN	75371	R-HSA-727767.2
75375	UN	75375	R-HSA-109527.2
75375	UN	75375	R-HSA-109529.2
75375	UN	75375	R-HSA-109534.3
75375	UN	75375	R-HSA-109536.3
75375	UN	75375	R-HSA-727749.2
75375	UN	75375	R-HSA-727767.2
75383	UN	75383	R-HSA-432034.4
75383	UN	75383	R-HSA-432036.5
75443	UN	75443	R-HSA-917892.4
75443	UN	75443	R-HSA-9661408.3
75471	UN	75471	R-HSA-8875838.2
75479	UN	75479	R-HSA-8855062.3
75516	LR	75515	R-HSA-9753944.2
75687	UN	75687	R-HSA-9717392.2
75687	UN	75687	R-HSA-9855161.1
75687	UN	75687	R-HSA-9857649.1
75687	UN	75687	R-HSA-9905999.1
75791	UN	75791	R-HSA-429749.3
75791	UN	75791	R-HSA-8876312.2
75795	UN	75795	R-HSA-429749.3
75795	UN	75795	R-HSA-8876312.2
75799	UN	75799	R-HSA-429749.3
75799	UN	75799	R-HSA-8876312.2
75803	UN	75803	R-HSA-429749.3
75807	UN	75807	R-HSA-429749.3
75843	UN	75843	R-HSA-549241.3
76159	UN	76159	R-HSA-432034.4
76159	UN	76159	R-HSA-432036.5
76271	UN	76271	R-HSA-6797962.3
76628	LR	76627	R-HSA-70893.5
76639	UN	76639	R-HSA-109527.2
76639	UN	76639	R-HSA-109529.2
76692	LR	76691	R-HSA-2161959.4
76696	LR	76695	R-HSA-2161791.4
76716	LR	76715	R-HSA-9020273.3
77144	LR	77143	R-HSA-1855163.3
77156	LR	77155	R-HSA-1855200.3
77156	LR	77155	R-HSA-1855205.3
77172	LR	77171	R-HSA-3076905.2
77172	LR	77171	R-HSA-4167509.2
77259	UN	77259	R-HSA-9845055.1
78455	UN	78455	R-HSA-1606583.3
78455	UN	78455	R-HSA-428205.5
78455	UN	78455	R-HSA-428231.4
78456	LR	78455	R-HSA-1606602.3
78632	LR	78631	R-HSA-390256.3
78637	RL	78635	R-HSA-390251.5
78637	RL	78635	R-HSA-6809264.3
78641	RL	78639	R-HSA-390250.4
79696	LR	79695	R-HSA-71249.7
80836	LR	80835	R-HSA-4084976.3
80840	LR	80839	R-HSA-4084989.3
80844	LR	80843	R-HSA-4084982.3
81275	UN	81275	R-HSA-2162195.5
81452	LR	81451	R-HSA-429786.4
81452	LR	81451	R-HSA-429798.4
81667	UN	81667	R-HSA-8867876.3
83872	LR	83871	R-HSA-6784959.2
